{"cameraMode":{"drawMode":0,"name":"Shaded","section":"Shading Mode"},"sceneLighting":true,"audioPlay":false,"sceneViewState":{"showFog":true,"showMaterialUpdate":false,"showSkybox":true,"showFlares":true,"showImageEffects":true,"showParticleSystems":true},"in2DMode":false,"pivot":{"x":493.1955261230469,"y":-11.903773307800293,"z":570.4283447265625},"rotation":{"x":-0.28389638662338259,"y":-0.5596351623535156,"z":0.21137093007564546,"w":-0.7495461106300354},"size":24.44268226623535,"orthographic":false}