{"cameraMode":{"drawMode":0,"name":"Shaded","section":"Shading Mode"},"sceneLighting":false,"audioPlay":false,"sceneViewState":{"showFog":true,"showMaterialUpdate":false,"showSkybox":false,"showFlares":true,"showImageEffects":true,"showParticleSystems":true},"in2DMode":false,"pivot":{"x":344.220703125,"y":-1.3624305725097657,"z":562.9328002929688},"rotation":{"x":0.1756487339735031,"y":-0.7346305847167969,"z":0.20760422945022584,"w":0.6216486692428589},"size":5.957738399505615,"orthographic":false}